Workbook

Sheet User Manual
B1: Elevation by Station | AB1: Formula Reference | BB1: Alignment Profile Data
C2: Computes profile elevations for straight and curved segments using standard vertical geometry formulas. | AB2: The central repository of all mathematical formulas, parameters, and derivations. | BC2: How to Extract and Enter Station & Elevation Data
C4: The workflow for Computes profile elevations:
C5: 1. Inputting Geometry Longitudinal Profile Data. | AB5: #Vertical Geometry Formulas | BB5: 1. | BC5: Go to the GEOMETRY LONGITUDINAL PROFILE page in the project documents.
D6: Segment Number: A unique identifier assigned to each profile segment. | AB6: y = ax2+bx+c | AE6: Vertical Curve Segment (parabolic) | AJ6: where: | BB6: 2. | BC6: Identify the segment type (Straight or Vertical Curve).
D7: Profile Segment Type: Specify whether the segment is a Straight or a Curve. | AB7: y = bx+c | AE7: Straight Segment (linear) | AJ7: y= Elevation of the roadway at a distance x from the beginning of the curve (or segment). | BB7: 3. | BC7: Extract the station and elevation data as follows:
E8: Straight Segment: A linear section with a constant slope. | AJ8: x= Horizontal distance from the beginning of the curve (PVC) or from the reference point of the current segment. | BC8: Straight Segment:
E9: Vertical Curve Segment: Vertical Curve, a parabolic section used to connect two tangents with different slopes smoothly. | AB9: where: | AJ9: c= Elevation of the reference point (starting point of the segment). | BC9: . | BD9: Take the start station and elevation.
D10: Station and Elevation: | AB10: a=(G₂ − G₁) / (2 × L) | AJ10: a= Rate of change of grade per unit length, calculated as (G₂ − G₁) / (2 × L). It defines the curvature of the vertical curve. | BC10: . | BD10: Take the end station and elevation.
E11: Straight Segment: Enter the start and end station and their corresponding elevations. | AB11: b=(G₁) | AJ11: b= Initial grade (G₁) expressed as a decimal. | BC11: Vertical Curve Segment:
E12: Vertical Curve Segment: Enter the key points of the curve with their station and elevation | AB12: L: Length of the vertical curve (distance between PVC and PVT). | AJ12: c= Elevation of the reference point (usually the Point of Vertical Curvature – PVC, or the starting point of the straight segment). | BC12: . | BD12: Extract PVC (Point of Vertical Curve) station and elevation.
BC13: . | BD13: Extract PVI (Point of Vertical Intersection) station and elevation.
BC14: . | BD14: Extract PVT (Point of Vertical Tangent) station and elevation.
C15: This sheet was developed by Eng. Muhammad Bayoumi Ali | AC15: #Vertical Curve Segment (parabolic) | BB15: 4. | BC15: Enter the extracted values into the sheet under the corresponding segment.
AC16: PVC | AD16: Point of Vertical Curve, This is where the curve starts. [BVCS Beginning vertical curves station, BVCE Beginning of transition curve] | BB16: 5. | BC16: Verify the sequence of stations and confirm elevations are consistent with the geometry profile.
C17: E-mail | E17: muhammad.bayoumi.ali@gmail.com | AC17: PVI | AD17: Point of Vertical Intersection, The point where two different slopes intersect (the highest or lowest point of the curve).
C18: Phone | E18: +20 1095395360 | +966 503359422 | AC18: PVT | AD18: Point of Vertical Tangent, This is where the curve ends and the road becomes straight again. [EVCS End vertical curve station, EVCE End vertical curve elevation] | BC18: Segment Number | BD18: Segment Type | BE18: PVC (Start) [STATION] | BF18: PVC (Start) [ELEVATION] | BG18: PVI [STATION] | BH18: PVI [ELEVATION] | BI18: PVT (End) [STATION] | BJ18: PVT (End) [ELEVATION]
C19: Linkedin | E19: https://www.linkedin.com/in/muhammad-bayoumi-ali | AC19: G1 | AD19: Grades of tangents (%), G1 = (PVI Elevation - PVC Elevation)/(PVI Station - PVC Station)
C20: GitHub | E20: https://github.com/muhammadbayoumi | AD20: +G1: Initial gradient or slope of the road before the curve (rising slope) | BC20: ='Profile Data'!B18 -> 1 | BD20: ='Profile Data'!C18 -> Vertical Curve | BE20: ='Profile Data'!D18 -> 307.358 | BF20: ='Profile Data'!E18 -> 907.774 | BG20: ='Profile Data'!F18 -> 342.358 | BH20: ='Profile Data'!G18 -> 908.53 | BI20: ='Profile Data'!H18 -> 377.358 | BJ20: ='Profile Data'!I18 -> 908.355
AD21: -G1: Slope after the curve (falling slope) | BC21: ='Profile Data'!B19 -> 2 | BD21: ='Profile Data'!C19 -> Straight | BE21: ='Profile Data'!D19 -> 377.358 | BF21: ='Profile Data'!E19 -> 908.355 | BG21: ='Profile Data'!F19 -> 0 | BH21: ='Profile Data'!G19 -> 0 | BI21: ='Profile Data'!H19 -> 407.331 | BJ21: ='Profile Data'!I19 -> 908.205
AC22: G2 | AD22: Grades of tangents (%), G2 = (PVT Elevation - PVI Elevation)/(PVT Station - PVI Station) | BC22: ='Profile Data'!B20 -> 3 | BD22: ='Profile Data'!C20 -> Vertical Curve | BE22: ='Profile Data'!D20 -> 407.331 | BF22: ='Profile Data'!E20 -> 908.205 | BG22: ='Profile Data'!F20 -> 447.331 | BH22: ='Profile Data'!G20 -> 908.005 | BI22: ='Profile Data'!H20 -> 487.331 | BJ22: ='Profile Data'!I20 -> 906.005
AD23: +G2: Final gradient after the curve (rising slope) | BC23: ='Profile Data'!B21 -> 4 | BD23: ='Profile Data'!C21 -> Straight | BE23: ='Profile Data'!D21 -> 487.331 | BF23: ='Profile Data'!E21 -> 906.005 | BG23: ='Profile Data'!F21 -> 0 | BH23: ='Profile Data'!G21 -> 0 | BI23: ='Profile Data'!H21 -> 609.604 | BJ23: ='Profile Data'!I21 -> 899.891
AD24: -G2: Slope after the curve (falling slope) | BC24: ='Profile Data'!B22 -> 0 | BD24: ='Profile Data'!C22 -> 0 | BE24: ='Profile Data'!D22 | BF24: ='Profile Data'!E22 | BG24: ='Profile Data'!F22 -> 0 | BH24: ='Profile Data'!G22 -> 0 | BI24: ='Profile Data'!H22 -> 0 | BJ24: ='Profile Data'!I22 -> 0
AC25: L | AD25: Length of the vertical curve (distance between PVC and PVT)., L = PVT [STATION] - PVC [STATION]
AC26: A | AD26: Algebraic difference between the initial and final grades., A = | G2 - G1 |
AC27: E | AD27: External distance (maximum vertical offset of the parabolic curve from the tangent)., E = ( A * L ) / 8 | BC27: Elevation Lookup by Station | BE27: Station | BG27: Alignment Elevation | BI27: Station Elevation Table
C28: Release 29 Oct. 2025 | AC28: K | AD28: Parabolic curve parameter — horizontal distance per 1% grade change., K = L / A | BE28: 350 | BG28: {=_xlfn.LET( _xlpm.stn, 'User Manual'!$BE28, _xlpm.SegmentNumber, INDEX(PROFILE_DATA[Segment Number],MATCH(1, (_xlpm.stn>=PROFILE_DATA[PVC '[STATION']])*(_xlpm.stn<=PROFILE_DATA[PVT '[STATION']]), 0)), _xlpm.SegmentType, VLOOKUP(_xlpm.SegmentNumber, PROFILE_DATA[], MATCH("Segment Type", PROFILE_DATA[#Headers], 0), FALSE), _xlpm.pvc, VLOOKUP(_xlpm.SegmentNumber, PROFILE_DATA[], 3, FALSE), _xlpm.elevPVC, VLOOKUP(_xlpm.SegmentNumber, PROFILE_DATA[], 4, FALSE), _xlpm.grade, VLOOKUP(_xlpm.SegmentNumber, PROFILE_DATA[], 9, FALSE), _xlpm.curve, VLOOKUP(_xlpm.SegmentNumber, PROFILE_DATA[], 15, FALSE), _xlpm.result, IF(_xlpm.SegmentType="Straight", _xlpm.grade * (_xlpm.stn - _xlpm.pvc) + _xlpm.elevPVC, _xlpm.curve * (_xlpm.stn - _xlpm.pvc)^2 + _xlpm.grade * (_xlpm.stn - _xlpm.pvc) + _xlpm.elevPVC ), IFERROR(_xlpm.result,"") )} -> 908.34958
D29: Elevation by Station | BE29: 400 | BG29: {=_xlfn.LET( _xlpm.stn, 'User Manual'!$BE29, _xlpm.SegmentNumber, INDEX(PROFILE_DATA[Segment Number],MATCH(1, (_xlpm.stn>=PROFILE_DATA[PVC '[STATION']])*(_xlpm.stn<=PROFILE_DATA[PVT '[STATION']]), 0)), _xlpm.SegmentType, VLOOKUP(_xlpm.SegmentNumber, PROFILE_DATA[], MATCH("Segment Type", PROFILE_DATA[#Headers], 0), FALSE), _xlpm.pvc, VLOOKUP(_xlpm.SegmentNumber, PROFILE_DATA[], 3, FALSE), _xlpm.elevPVC, VLOOKUP(_xlpm.SegmentNumber, PROFILE_DATA[], 4, FALSE), _xlpm.grade, VLOOKUP(_xlpm.SegmentNumber, PROFILE_DATA[], 9, FALSE), _xlpm.curve, VLOOKUP(_xlpm.SegmentNumber, PROFILE_DATA[], 15, FALSE), _xlpm.result, IF(_xlpm.SegmentType="Straight", _xlpm.grade * (_xlpm.stn - _xlpm.pvc) + _xlpm.elevPVC, _xlpm.curve * (_xlpm.stn - _xlpm.pvc)^2 + _xlpm.grade * (_xlpm.stn - _xlpm.pvc) + _xlpm.elevPVC ), IFERROR(_xlpm.result,"") )} -> 908.24169
AC30: #Straight Segment (linear) | BE30: 450 | BG30: {=_xlfn.LET( _xlpm.stn, 'User Manual'!$BE30, _xlpm.SegmentNumber, INDEX(PROFILE_DATA[Segment Number],MATCH(1, (_xlpm.stn>=PROFILE_DATA[PVC '[STATION']])*(_xlpm.stn<=PROFILE_DATA[PVT '[STATION']]), 0)), _xlpm.SegmentType, VLOOKUP(_xlpm.SegmentNumber, PROFILE_DATA[], MATCH("Segment Type", PROFILE_DATA[#Headers], 0), FALSE), _xlpm.pvc, VLOOKUP(_xlpm.SegmentNumber, PROFILE_DATA[], 3, FALSE), _xlpm.elevPVC, VLOOKUP(_xlpm.SegmentNumber, PROFILE_DATA[], 4, FALSE), _xlpm.grade, VLOOKUP(_xlpm.SegmentNumber, PROFILE_DATA[], 9, FALSE), _xlpm.curve, VLOOKUP(_xlpm.SegmentNumber, PROFILE_DATA[], 15, FALSE), _xlpm.result, IF(_xlpm.SegmentType="Straight", _xlpm.grade * (_xlpm.stn - _xlpm.pvc) + _xlpm.elevPVC, _xlpm.curve * (_xlpm.stn - _xlpm.pvc)^2 + _xlpm.grade * (_xlpm.stn - _xlpm.pvc) + _xlpm.elevPVC ), IFERROR(_xlpm.result,"") )} -> 907.4796
AC31: START | AD31: This is where the straight segment starts. | BE31: 425 | BG31: {=_xlfn.LET( _xlpm.stn, 'User Manual'!$BE31, _xlpm.SegmentNumber, INDEX(PROFILE_DATA[Segment Number],MATCH(1, (_xlpm.stn>=PROFILE_DATA[PVC '[STATION']])*(_xlpm.stn<=PROFILE_DATA[PVT '[STATION']]), 0)), _xlpm.SegmentType, VLOOKUP(_xlpm.SegmentNumber, PROFILE_DATA[], MATCH("Segment Type", PROFILE_DATA[#Headers], 0), FALSE), _xlpm.pvc, VLOOKUP(_xlpm.SegmentNumber, PROFILE_DATA[], 3, FALSE), _xlpm.elevPVC, VLOOKUP(_xlpm.SegmentNumber, PROFILE_DATA[], 4, FALSE), _xlpm.grade, VLOOKUP(_xlpm.SegmentNumber, PROFILE_DATA[], 9, FALSE), _xlpm.curve, VLOOKUP(_xlpm.SegmentNumber, PROFILE_DATA[], 15, FALSE), _xlpm.result, IF(_xlpm.SegmentType="Straight", _xlpm.grade * (_xlpm.stn - _xlpm.pvc) + _xlpm.elevPVC, _xlpm.curve * (_xlpm.stn - _xlpm.pvc)^2 + _xlpm.grade * (_xlpm.stn - _xlpm.pvc) + _xlpm.elevPVC ), IFERROR(_xlpm.result,"") )} -> 908.02885
AC32: END | AD32: This is where the straight segment ends. | BE32: 500 | BG32: {=_xlfn.LET( _xlpm.stn, 'User Manual'!$BE32, _xlpm.SegmentNumber, INDEX(PROFILE_DATA[Segment Number],MATCH(1, (_xlpm.stn>=PROFILE_DATA[PVC '[STATION']])*(_xlpm.stn<=PROFILE_DATA[PVT '[STATION']]), 0)), _xlpm.SegmentType, VLOOKUP(_xlpm.SegmentNumber, PROFILE_DATA[], MATCH("Segment Type", PROFILE_DATA[#Headers], 0), FALSE), _xlpm.pvc, VLOOKUP(_xlpm.SegmentNumber, PROFILE_DATA[], 3, FALSE), _xlpm.elevPVC, VLOOKUP(_xlpm.SegmentNumber, PROFILE_DATA[], 4, FALSE), _xlpm.grade, VLOOKUP(_xlpm.SegmentNumber, PROFILE_DATA[], 9, FALSE), _xlpm.curve, VLOOKUP(_xlpm.SegmentNumber, PROFILE_DATA[], 15, FALSE), _xlpm.result, IF(_xlpm.SegmentType="Straight", _xlpm.grade * (_xlpm.stn - _xlpm.pvc) + _xlpm.elevPVC, _xlpm.curve * (_xlpm.stn - _xlpm.pvc)^2 + _xlpm.grade * (_xlpm.stn - _xlpm.pvc) + _xlpm.elevPVC ), IFERROR(_xlpm.result,"") )} -> 905.37151
AC33: G1 | AD33: Initial gradient or slope., G1 = (End Point Elevation - Start Point Elevation)/(End Point Station - Start Point Station) | BE33: 600 | BG33: {=_xlfn.LET( _xlpm.stn, 'User Manual'!$BE33, _xlpm.SegmentNumber, INDEX(PROFILE_DATA[Segment Number],MATCH(1, (_xlpm.stn>=PROFILE_DATA[PVC '[STATION']])*(_xlpm.stn<=PROFILE_DATA[PVT '[STATION']]), 0)), _xlpm.SegmentType, VLOOKUP(_xlpm.SegmentNumber, PROFILE_DATA[], MATCH("Segment Type", PROFILE_DATA[#Headers], 0), FALSE), _xlpm.pvc, VLOOKUP(_xlpm.SegmentNumber, PROFILE_DATA[], 3, FALSE), _xlpm.elevPVC, VLOOKUP(_xlpm.SegmentNumber, PROFILE_DATA[], 4, FALSE), _xlpm.grade, VLOOKUP(_xlpm.SegmentNumber, PROFILE_DATA[], 9, FALSE), _xlpm.curve, VLOOKUP(_xlpm.SegmentNumber, PROFILE_DATA[], 15, FALSE), _xlpm.result, IF(_xlpm.SegmentType="Straight", _xlpm.grade * (_xlpm.stn - _xlpm.pvc) + _xlpm.elevPVC, _xlpm.curve * (_xlpm.stn - _xlpm.pvc)^2 + _xlpm.grade * (_xlpm.stn - _xlpm.pvc) + _xlpm.elevPVC ), IFERROR(_xlpm.result,"") )} -> 900.37123
BE34: 307.358 | BG34: {=_xlfn.LET( _xlpm.stn, 'User Manual'!$BE34, _xlpm.SegmentNumber, INDEX(PROFILE_DATA[Segment Number],MATCH(1, (_xlpm.stn>=PROFILE_DATA[PVC '[STATION']])*(_xlpm.stn<=PROFILE_DATA[PVT '[STATION']]), 0)), _xlpm.SegmentType, VLOOKUP(_xlpm.SegmentNumber, PROFILE_DATA[], MATCH("Segment Type", PROFILE_DATA[#Headers], 0), FALSE), _xlpm.pvc, VLOOKUP(_xlpm.SegmentNumber, PROFILE_DATA[], 3, FALSE), _xlpm.elevPVC, VLOOKUP(_xlpm.SegmentNumber, PROFILE_DATA[], 4, FALSE), _xlpm.grade, VLOOKUP(_xlpm.SegmentNumber, PROFILE_DATA[], 9, FALSE), _xlpm.curve, VLOOKUP(_xlpm.SegmentNumber, PROFILE_DATA[], 15, FALSE), _xlpm.result, IF(_xlpm.SegmentType="Straight", _xlpm.grade * (_xlpm.stn - _xlpm.pvc) + _xlpm.elevPVC, _xlpm.curve * (_xlpm.stn - _xlpm.pvc)^2 + _xlpm.grade * (_xlpm.stn - _xlpm.pvc) + _xlpm.elevPVC ), IFERROR(_xlpm.result,"") )} -> 907.774
BE35: 609.604 | BG35: {=_xlfn.LET( _xlpm.stn, 'User Manual'!$BE35, _xlpm.SegmentNumber, INDEX(PROFILE_DATA[Segment Number],MATCH(1, (_xlpm.stn>=PROFILE_DATA[PVC '[STATION']])*(_xlpm.stn<=PROFILE_DATA[PVT '[STATION']]), 0)), _xlpm.SegmentType, VLOOKUP(_xlpm.SegmentNumber, PROFILE_DATA[], MATCH("Segment Type", PROFILE_DATA[#Headers], 0), FALSE), _xlpm.pvc, VLOOKUP(_xlpm.SegmentNumber, PROFILE_DATA[], 3, FALSE), _xlpm.elevPVC, VLOOKUP(_xlpm.SegmentNumber, PROFILE_DATA[], 4, FALSE), _xlpm.grade, VLOOKUP(_xlpm.SegmentNumber, PROFILE_DATA[], 9, FALSE), _xlpm.curve, VLOOKUP(_xlpm.SegmentNumber, PROFILE_DATA[], 15, FALSE), _xlpm.result, IF(_xlpm.SegmentType="Straight", _xlpm.grade * (_xlpm.stn - _xlpm.pvc) + _xlpm.elevPVC, _xlpm.curve * (_xlpm.stn - _xlpm.pvc)^2 + _xlpm.grade * (_xlpm.stn - _xlpm.pvc) + _xlpm.elevPVC ), IFERROR(_xlpm.result,"") )} -> 899.891
BG36: {=_xlfn.LET( _xlpm.stn, 'User Manual'!$BE36, _xlpm.SegmentNumber, INDEX(PROFILE_DATA[Segment Number],MATCH(1, (_xlpm.stn>=PROFILE_DATA[PVC '[STATION']])*(_xlpm.stn<=PROFILE_DATA[PVT '[STATION']]), 0)), _xlpm.SegmentType, VLOOKUP(_xlpm.SegmentNumber, PROFILE_DATA[], MATCH("Segment Type", PROFILE_DATA[#Headers], 0), FALSE), _xlpm.pvc, VLOOKUP(_xlpm.SegmentNumber, PROFILE_DATA[], 3, FALSE), _xlpm.elevPVC, VLOOKUP(_xlpm.SegmentNumber, PROFILE_DATA[], 4, FALSE), _xlpm.grade, VLOOKUP(_xlpm.SegmentNumber, PROFILE_DATA[], 9, FALSE), _xlpm.curve, VLOOKUP(_xlpm.SegmentNumber, PROFILE_DATA[], 15, FALSE), _xlpm.result, IF(_xlpm.SegmentType="Straight", _xlpm.grade * (_xlpm.stn - _xlpm.pvc) + _xlpm.elevPVC, _xlpm.curve * (_xlpm.stn - _xlpm.pvc)^2 + _xlpm.grade * (_xlpm.stn - _xlpm.pvc) + _xlpm.elevPVC ), IFERROR(_xlpm.result,"") )}
BG37: {=_xlfn.LET( _xlpm.stn, 'User Manual'!$BE37, _xlpm.SegmentNumber, INDEX(PROFILE_DATA[Segment Number],MATCH(1, (_xlpm.stn>=PROFILE_DATA[PVC '[STATION']])*(_xlpm.stn<=PROFILE_DATA[PVT '[STATION']]), 0)), _xlpm.SegmentType, VLOOKUP(_xlpm.SegmentNumber, PROFILE_DATA[], MATCH("Segment Type", PROFILE_DATA[#Headers], 0), FALSE), _xlpm.pvc, VLOOKUP(_xlpm.SegmentNumber, PROFILE_DATA[], 3, FALSE), _xlpm.elevPVC, VLOOKUP(_xlpm.SegmentNumber, PROFILE_DATA[], 4, FALSE), _xlpm.grade, VLOOKUP(_xlpm.SegmentNumber, PROFILE_DATA[], 9, FALSE), _xlpm.curve, VLOOKUP(_xlpm.SegmentNumber, PROFILE_DATA[], 15, FALSE), _xlpm.result, IF(_xlpm.SegmentType="Straight", _xlpm.grade * (_xlpm.stn - _xlpm.pvc) + _xlpm.elevPVC, _xlpm.curve * (_xlpm.stn - _xlpm.pvc)^2 + _xlpm.grade * (_xlpm.stn - _xlpm.pvc) + _xlpm.elevPVC ), IFERROR(_xlpm.result,"") )}

Sheet Profile Data
B2: Date: | C2: =TODAY() -> 45959
B4: GEOMETRY LONGITUDINAL PROFILE
B6: #Vertical Geometry Formulas
B7: y = ax^2+bx+c | D7: Vertical Curve Segment (parabolic) | H7: where: | Q7: Input
B8: y = bx+c | D8: Straight Segment (linear) | H8: y= Elevation of the roadway at a distance x from the beginning of the curve (or segment). | Q8: Output
H9: x= Horizontal distance from the beginning of the curve (PVC) or from the reference point of the current segment.
B10: where: | H10: c= Elevation of the reference point (starting point of the segment).
B11: a=(G₂ − G₁) / (2 × L) | H11: a= Rate of change of grade per unit length, calculated as (G₂ − G₁) / (2 × L). It defines the curvature of the vertical curve.
B12: b=(G₁) | H12: b= Initial grade (G₁) expressed as a decimal.
B13: L: Length of the vertical curve (distance between PVC and PVT).
B15: #VALUE!
B17: Segment Number | C17: Segment Type | D17: PVC [STATION] | E17: PVC [ELEVATION] | F17: PVI [STATION] | G17: PVI [ELEVATION] | H17: PVT [STATION] | I17: PVT [ELEVATION] | J17: G1 | K17: G2 | L17: L | M17: A (difference) | N17: E | O17: K | P17: a | Q17: b
B18: 1 | C18: Vertical Curve | D18: 307.358 | E18: 907.774 | F18: 342.358 | G18: 908.53 | H18: 377.358 | I18: 908.355 | J18: =IF(AND(PROFILE_DATA[[#This Row],[PVI '[STATION']]]="",PROFILE_DATA[[#This Row],[Segment Type]]=""),"",IFERROR(IF(PROFILE_DATA[[#This Row],[Segment Type]]="Straight",((PROFILE_DATA[[#This Row],[PVT '[ELEVATION']]]-PROFILE_DATA[[#This Row],[PVC '[ELEVATION']]])/(PROFILE_DATA[[#This Row],[PVT '[STATION']]]-PROFILE_DATA[[#This Row],[PVC '[STATION']]])),((PROFILE_DATA[[#This Row],[PVI '[ELEVATION']]]-PROFILE_DATA[[#This Row],[PVC '[ELEVATION']]])/(PROFILE_DATA[[#This Row],[PVI '[STATION']]]-PROFILE_DATA[[#This Row],[PVC '[STATION']]]))),"")) -> 0.0216 | K18: =IF(PROFILE_DATA[[#This Row],[Segment Type]]="Straight","",IF(OR(PROFILE_DATA[[#This Row],[PVI '[STATION']]]="",PROFILE_DATA[[#This Row],[PVI '[ELEVATION']]]="",PROFILE_DATA[[#This Row],[Segment Type]]=""),"",(PROFILE_DATA[[#This Row],[PVT '[ELEVATION']]]-PROFILE_DATA[[#This Row],[PVI '[ELEVATION']]])/(PROFILE_DATA[[#This Row],[PVT '[STATION']]]-PROFILE_DATA[[#This Row],[PVI '[STATION']]]))) -> -0.005 | L18: =IF(PROFILE_DATA[[#This Row],[Segment Type]]="","",IFERROR(PROFILE_DATA[[#This Row],[PVT '[STATION']]]-PROFILE_DATA[[#This Row],[PVC '[STATION']]],"")) -> 70 | M18: =IFERROR(ABS(PROFILE_DATA[[#This Row],[G2]]-PROFILE_DATA[[#This Row],[G1]]),"") -> 0.0266 | N18: =IFERROR(((PROFILE_DATA[[#This Row],[A (difference)]]*PROFILE_DATA[[#This Row],[L]])/8),"") -> 0.23275 | O18: =IFERROR(PROFILE_DATA[[#This Row],[L]]/PROFILE_DATA[[#This Row],[A (difference)]],"") -> 2631.5789 | P18: =IFERROR((PROFILE_DATA[[#This Row],[G2]]-PROFILE_DATA[[#This Row],[G1]])/(2*PROFILE_DATA[[#This Row],[L]]),"") -> -0.00019 | Q18: =PROFILE_DATA[[#This Row],[G1]] -> 0.0216
B19: 2 | C19: Straight | D19: =IF(PROFILE_DATA[[#This Row],[Segment Type]]="","",H18) -> 377.358 | E19: =IF(PROFILE_DATA[[#This Row],[Segment Type]]="","",I18) -> 908.355 | H19: 407.331 | I19: 908.205 | J19: =IF(AND(PROFILE_DATA[[#This Row],[PVI '[STATION']]]="",PROFILE_DATA[[#This Row],[Segment Type]]=""),"",IFERROR(IF(PROFILE_DATA[[#This Row],[Segment Type]]="Straight",((PROFILE_DATA[[#This Row],[PVT '[ELEVATION']]]-PROFILE_DATA[[#This Row],[PVC '[ELEVATION']]])/(PROFILE_DATA[[#This Row],[PVT '[STATION']]]-PROFILE_DATA[[#This Row],[PVC '[STATION']]])),((PROFILE_DATA[[#This Row],[PVI '[ELEVATION']]]-PROFILE_DATA[[#This Row],[PVC '[ELEVATION']]])/(PROFILE_DATA[[#This Row],[PVI '[STATION']]]-PROFILE_DATA[[#This Row],[PVC '[STATION']]]))),"")) -> -0.0050045041 | K19: =IF(PROFILE_DATA[[#This Row],[Segment Type]]="Straight","",IF(OR(PROFILE_DATA[[#This Row],[PVI '[STATION']]]="",PROFILE_DATA[[#This Row],[PVI '[ELEVATION']]]="",PROFILE_DATA[[#This Row],[Segment Type]]=""),"",(PROFILE_DATA[[#This Row],[PVT '[ELEVATION']]]-PROFILE_DATA[[#This Row],[PVI '[ELEVATION']]])/(PROFILE_DATA[[#This Row],[PVT '[STATION']]]-PROFILE_DATA[[#This Row],[PVI '[STATION']]]))) | L19: =IF(PROFILE_DATA[[#This Row],[Segment Type]]="","",IFERROR(PROFILE_DATA[[#This Row],[PVT '[STATION']]]-PROFILE_DATA[[#This Row],[PVC '[STATION']]],"")) -> 29.973 | M19: =IFERROR(ABS(PROFILE_DATA[[#This Row],[G2]]-PROFILE_DATA[[#This Row],[G1]]),"") | N19: =IFERROR(((PROFILE_DATA[[#This Row],[A (difference)]]*PROFILE_DATA[[#This Row],[L]])/8),"") | O19: =IFERROR(PROFILE_DATA[[#This Row],[L]]/PROFILE_DATA[[#This Row],[A (difference)]],"") | P19: =IFERROR((PROFILE_DATA[[#This Row],[G2]]-PROFILE_DATA[[#This Row],[G1]])/(2*PROFILE_DATA[[#This Row],[L]]),"") | Q19: =PROFILE_DATA[[#This Row],[G1]] -> -0.0050045041
B20: 3 | C20: Vertical Curve | D20: =IF(PROFILE_DATA[[#This Row],[Segment Type]]="","",H19) -> 407.331 | E20: =IF(PROFILE_DATA[[#This Row],[Segment Type]]="","",I19) -> 908.205 | F20: 447.331 | G20: 908.005 | H20: 487.331 | I20: 906.005 | J20: =IF(AND(PROFILE_DATA[[#This Row],[PVI '[STATION']]]="",PROFILE_DATA[[#This Row],[Segment Type]]=""),"",IFERROR(IF(PROFILE_DATA[[#This Row],[Segment Type]]="Straight",((PROFILE_DATA[[#This Row],[PVT '[ELEVATION']]]-PROFILE_DATA[[#This Row],[PVC '[ELEVATION']]])/(PROFILE_DATA[[#This Row],[PVT '[STATION']]]-PROFILE_DATA[[#This Row],[PVC '[STATION']]])),((PROFILE_DATA[[#This Row],[PVI '[ELEVATION']]]-PROFILE_DATA[[#This Row],[PVC '[ELEVATION']]])/(PROFILE_DATA[[#This Row],[PVI '[STATION']]]-PROFILE_DATA[[#This Row],[PVC '[STATION']]]))),"")) -> -0.005 | K20: =IF(PROFILE_DATA[[#This Row],[Segment Type]]="Straight","",IF(OR(PROFILE_DATA[[#This Row],[PVI '[STATION']]]="",PROFILE_DATA[[#This Row],[PVI '[ELEVATION']]]="",PROFILE_DATA[[#This Row],[Segment Type]]=""),"",(PROFILE_DATA[[#This Row],[PVT '[ELEVATION']]]-PROFILE_DATA[[#This Row],[PVI '[ELEVATION']]])/(PROFILE_DATA[[#This Row],[PVT '[STATION']]]-PROFILE_DATA[[#This Row],[PVI '[STATION']]]))) -> -0.05 | L20: =IF(PROFILE_DATA[[#This Row],[Segment Type]]="","",IFERROR(PROFILE_DATA[[#This Row],[PVT '[STATION']]]-PROFILE_DATA[[#This Row],[PVC '[STATION']]],"")) -> 80 | M20: =IFERROR(ABS(PROFILE_DATA[[#This Row],[G2]]-PROFILE_DATA[[#This Row],[G1]]),"") -> 0.045 | N20: =IFERROR(((PROFILE_DATA[[#This Row],[A (difference)]]*PROFILE_DATA[[#This Row],[L]])/8),"") -> 0.45 | O20: =IFERROR(PROFILE_DATA[[#This Row],[L]]/PROFILE_DATA[[#This Row],[A (difference)]],"") -> 1777.7778 | P20: =IFERROR((PROFILE_DATA[[#This Row],[G2]]-PROFILE_DATA[[#This Row],[G1]])/(2*PROFILE_DATA[[#This Row],[L]]),"") -> -0.00028125 | Q20: =PROFILE_DATA[[#This Row],[G1]] -> -0.005
B21: 4 | C21: Straight | D21: =IF(PROFILE_DATA[[#This Row],[Segment Type]]="","",H20) -> 487.331 | E21: =IF(PROFILE_DATA[[#This Row],[Segment Type]]="","",I20) -> 906.005 | H21: 609.604 | I21: 899.891 | J21: =IF(AND(PROFILE_DATA[[#This Row],[PVI '[STATION']]]="",PROFILE_DATA[[#This Row],[Segment Type]]=""),"",IFERROR(IF(PROFILE_DATA[[#This Row],[Segment Type]]="Straight",((PROFILE_DATA[[#This Row],[PVT '[ELEVATION']]]-PROFILE_DATA[[#This Row],[PVC '[ELEVATION']]])/(PROFILE_DATA[[#This Row],[PVT '[STATION']]]-PROFILE_DATA[[#This Row],[PVC '[STATION']]])),((PROFILE_DATA[[#This Row],[PVI '[ELEVATION']]]-PROFILE_DATA[[#This Row],[PVC '[ELEVATION']]])/(PROFILE_DATA[[#This Row],[PVI '[STATION']]]-PROFILE_DATA[[#This Row],[PVC '[STATION']]]))),"")) -> -0.050002862 | K21: =IF(PROFILE_DATA[[#This Row],[Segment Type]]="Straight","",IF(OR(PROFILE_DATA[[#This Row],[PVI '[STATION']]]="",PROFILE_DATA[[#This Row],[PVI '[ELEVATION']]]="",PROFILE_DATA[[#This Row],[Segment Type]]=""),"",(PROFILE_DATA[[#This Row],[PVT '[ELEVATION']]]-PROFILE_DATA[[#This Row],[PVI '[ELEVATION']]])/(PROFILE_DATA[[#This Row],[PVT '[STATION']]]-PROFILE_DATA[[#This Row],[PVI '[STATION']]]))) | L21: =IF(PROFILE_DATA[[#This Row],[Segment Type]]="","",IFERROR(PROFILE_DATA[[#This Row],[PVT '[STATION']]]-PROFILE_DATA[[#This Row],[PVC '[STATION']]],"")) -> 122.273 | M21: =IFERROR(ABS(PROFILE_DATA[[#This Row],[G2]]-PROFILE_DATA[[#This Row],[G1]]),"") | N21: =IFERROR(((PROFILE_DATA[[#This Row],[A (difference)]]*PROFILE_DATA[[#This Row],[L]])/8),"") | O21: =IFERROR(PROFILE_DATA[[#This Row],[L]]/PROFILE_DATA[[#This Row],[A (difference)]],"") | P21: =IFERROR((PROFILE_DATA[[#This Row],[G2]]-PROFILE_DATA[[#This Row],[G1]])/(2*PROFILE_DATA[[#This Row],[L]]),"") | Q21: =PROFILE_DATA[[#This Row],[G1]] -> -0.050002862
D22: =IF(PROFILE_DATA[[#This Row],[Segment Type]]="","",H21) | E22: =IF(PROFILE_DATA[[#This Row],[Segment Type]]="","",I21) | J22: =IF(AND(PROFILE_DATA[[#This Row],[PVI '[STATION']]]="",PROFILE_DATA[[#This Row],[Segment Type]]=""),"",IFERROR(IF(PROFILE_DATA[[#This Row],[Segment Type]]="Straight",((PROFILE_DATA[[#This Row],[PVT '[ELEVATION']]]-PROFILE_DATA[[#This Row],[PVC '[ELEVATION']]])/(PROFILE_DATA[[#This Row],[PVT '[STATION']]]-PROFILE_DATA[[#This Row],[PVC '[STATION']]])),((PROFILE_DATA[[#This Row],[PVI '[ELEVATION']]]-PROFILE_DATA[[#This Row],[PVC '[ELEVATION']]])/(PROFILE_DATA[[#This Row],[PVI '[STATION']]]-PROFILE_DATA[[#This Row],[PVC '[STATION']]]))),"")) | K22: =IF(PROFILE_DATA[[#This Row],[Segment Type]]="Straight","",IF(OR(PROFILE_DATA[[#This Row],[PVI '[STATION']]]="",PROFILE_DATA[[#This Row],[PVI '[ELEVATION']]]="",PROFILE_DATA[[#This Row],[Segment Type]]=""),"",(PROFILE_DATA[[#This Row],[PVT '[ELEVATION']]]-PROFILE_DATA[[#This Row],[PVI '[ELEVATION']]])/(PROFILE_DATA[[#This Row],[PVT '[STATION']]]-PROFILE_DATA[[#This Row],[PVI '[STATION']]]))) | L22: =IF(PROFILE_DATA[[#This Row],[Segment Type]]="","",IFERROR(PROFILE_DATA[[#This Row],[PVT '[STATION']]]-PROFILE_DATA[[#This Row],[PVC '[STATION']]],"")) | M22: =IFERROR(ABS(PROFILE_DATA[[#This Row],[G2]]-PROFILE_DATA[[#This Row],[G1]]),"") | N22: =IFERROR(((PROFILE_DATA[[#This Row],[A (difference)]]*PROFILE_DATA[[#This Row],[L]])/8),"") | O22: =IFERROR(PROFILE_DATA[[#This Row],[L]]/PROFILE_DATA[[#This Row],[A (difference)]],"") | P22: =IFERROR((PROFILE_DATA[[#This Row],[G2]]-PROFILE_DATA[[#This Row],[G1]])/(2*PROFILE_DATA[[#This Row],[L]]),"") | Q22: =PROFILE_DATA[[#This Row],[G1]]
D23: =IF(PROFILE_DATA[[#This Row],[Segment Type]]="","",H22) | E23: =IF(PROFILE_DATA[[#This Row],[Segment Type]]="","",I22) | J23: =IF(AND(PROFILE_DATA[[#This Row],[PVI '[STATION']]]="",PROFILE_DATA[[#This Row],[Segment Type]]=""),"",IFERROR(IF(PROFILE_DATA[[#This Row],[Segment Type]]="Straight",((PROFILE_DATA[[#This Row],[PVT '[ELEVATION']]]-PROFILE_DATA[[#This Row],[PVC '[ELEVATION']]])/(PROFILE_DATA[[#This Row],[PVT '[STATION']]]-PROFILE_DATA[[#This Row],[PVC '[STATION']]])),((PROFILE_DATA[[#This Row],[PVI '[ELEVATION']]]-PROFILE_DATA[[#This Row],[PVC '[ELEVATION']]])/(PROFILE_DATA[[#This Row],[PVI '[STATION']]]-PROFILE_DATA[[#This Row],[PVC '[STATION']]]))),"")) | K23: =IF(PROFILE_DATA[[#This Row],[Segment Type]]="Straight","",IF(OR(PROFILE_DATA[[#This Row],[PVI '[STATION']]]="",PROFILE_DATA[[#This Row],[PVI '[ELEVATION']]]="",PROFILE_DATA[[#This Row],[Segment Type]]=""),"",(PROFILE_DATA[[#This Row],[PVT '[ELEVATION']]]-PROFILE_DATA[[#This Row],[PVI '[ELEVATION']]])/(PROFILE_DATA[[#This Row],[PVT '[STATION']]]-PROFILE_DATA[[#This Row],[PVI '[STATION']]]))) | L23: =IF(PROFILE_DATA[[#This Row],[Segment Type]]="","",IFERROR(PROFILE_DATA[[#This Row],[PVT '[STATION']]]-PROFILE_DATA[[#This Row],[PVC '[STATION']]],"")) | M23: =IFERROR(ABS(PROFILE_DATA[[#This Row],[G2]]-PROFILE_DATA[[#This Row],[G1]]),"") | N23: =IFERROR(((PROFILE_DATA[[#This Row],[A (difference)]]*PROFILE_DATA[[#This Row],[L]])/8),"") | O23: =IFERROR(PROFILE_DATA[[#This Row],[L]]/PROFILE_DATA[[#This Row],[A (difference)]],"") | P23: =IFERROR((PROFILE_DATA[[#This Row],[G2]]-PROFILE_DATA[[#This Row],[G1]])/(2*PROFILE_DATA[[#This Row],[L]]),"") | Q23: =PROFILE_DATA[[#This Row],[G1]]
J24: =IF(AND(PROFILE_DATA[[#This Row],[PVI '[STATION']]]="",PROFILE_DATA[[#This Row],[Segment Type]]=""),"",IFERROR(IF(PROFILE_DATA[[#This Row],[Segment Type]]="Straight",((PROFILE_DATA[[#This Row],[PVT '[ELEVATION']]]-PROFILE_DATA[[#This Row],[PVC '[ELEVATION']]])/(PROFILE_DATA[[#This Row],[PVT '[STATION']]]-PROFILE_DATA[[#This Row],[PVC '[STATION']]])),((PROFILE_DATA[[#This Row],[PVI '[ELEVATION']]]-PROFILE_DATA[[#This Row],[PVC '[ELEVATION']]])/(PROFILE_DATA[[#This Row],[PVI '[STATION']]]-PROFILE_DATA[[#This Row],[PVC '[STATION']]]))),"")) | K24: =IF(PROFILE_DATA[[#This Row],[Segment Type]]="Straight","",IF(OR(PROFILE_DATA[[#This Row],[PVI '[STATION']]]="",PROFILE_DATA[[#This Row],[PVI '[ELEVATION']]]="",PROFILE_DATA[[#This Row],[Segment Type]]=""),"",(PROFILE_DATA[[#This Row],[PVT '[ELEVATION']]]-PROFILE_DATA[[#This Row],[PVI '[ELEVATION']]])/(PROFILE_DATA[[#This Row],[PVT '[STATION']]]-PROFILE_DATA[[#This Row],[PVI '[STATION']]]))) | L24: =IF(PROFILE_DATA[[#This Row],[Segment Type]]="","",IFERROR(PROFILE_DATA[[#This Row],[PVT '[STATION']]]-PROFILE_DATA[[#This Row],[PVC '[STATION']]],"")) | M24: =IFERROR(ABS(PROFILE_DATA[[#This Row],[G2]]-PROFILE_DATA[[#This Row],[G1]]),"") | N24: =IFERROR(((PROFILE_DATA[[#This Row],[A (difference)]]*PROFILE_DATA[[#This Row],[L]])/8),"") | O24: =IFERROR(PROFILE_DATA[[#This Row],[L]]/PROFILE_DATA[[#This Row],[A (difference)]],"") | P24: =IFERROR((PROFILE_DATA[[#This Row],[G2]]-PROFILE_DATA[[#This Row],[G1]])/(2*PROFILE_DATA[[#This Row],[L]]),"") | Q24: =PROFILE_DATA[[#This Row],[G1]]
B28: Elevation Lookup by Station | D28: Station | E28: Alignment Elevation | F28: Station Elevation Table
D29: 350 | E29: {=_xlfn.LET( _xlpm.stn, Station_Elevation[[#This Row],[Station]], _xlpm.SegmentNumber, INDEX(PROFILE_DATA[Segment Number],MATCH(1, (_xlpm.stn>=PROFILE_DATA[PVC '[STATION']])*(_xlpm.stn<=PROFILE_DATA[PVT '[STATION']]), 0)), _xlpm.SegmentType, VLOOKUP(_xlpm.SegmentNumber, PROFILE_DATA[], MATCH("Segment Type", PROFILE_DATA[#Headers], 0), FALSE), _xlpm.pvc, VLOOKUP(_xlpm.SegmentNumber, PROFILE_DATA[], 3, FALSE), _xlpm.elevPVC, VLOOKUP(_xlpm.SegmentNumber, PROFILE_DATA[], 4, FALSE), _xlpm.grade, VLOOKUP(_xlpm.SegmentNumber, PROFILE_DATA[], 9, FALSE), _xlpm.curve, VLOOKUP(_xlpm.SegmentNumber, PROFILE_DATA[], 15, FALSE), _xlpm.result, IF(_xlpm.SegmentType="Straight", _xlpm.grade * (_xlpm.stn - _xlpm.pvc) + _xlpm.elevPVC, _xlpm.curve * (_xlpm.stn - _xlpm.pvc)^2 + _xlpm.grade * (_xlpm.stn - _xlpm.pvc) + _xlpm.elevPVC ), IFERROR(_xlpm.result,"") )} -> 908.34958
D30: 400 | E30: {=_xlfn.LET( _xlpm.stn, Station_Elevation[[#This Row],[Station]], _xlpm.SegmentNumber, INDEX(PROFILE_DATA[Segment Number],MATCH(1, (_xlpm.stn>=PROFILE_DATA[PVC '[STATION']])*(_xlpm.stn<=PROFILE_DATA[PVT '[STATION']]), 0)), _xlpm.SegmentType, VLOOKUP(_xlpm.SegmentNumber, PROFILE_DATA[], MATCH("Segment Type", PROFILE_DATA[#Headers], 0), FALSE), _xlpm.pvc, VLOOKUP(_xlpm.SegmentNumber, PROFILE_DATA[], 3, FALSE), _xlpm.elevPVC, VLOOKUP(_xlpm.SegmentNumber, PROFILE_DATA[], 4, FALSE), _xlpm.grade, VLOOKUP(_xlpm.SegmentNumber, PROFILE_DATA[], 9, FALSE), _xlpm.curve, VLOOKUP(_xlpm.SegmentNumber, PROFILE_DATA[], 15, FALSE), _xlpm.result, IF(_xlpm.SegmentType="Straight", _xlpm.grade * (_xlpm.stn - _xlpm.pvc) + _xlpm.elevPVC, _xlpm.curve * (_xlpm.stn - _xlpm.pvc)^2 + _xlpm.grade * (_xlpm.stn - _xlpm.pvc) + _xlpm.elevPVC ), IFERROR(_xlpm.result,"") )} -> 908.24169
D31: 450 | E31: {=_xlfn.LET( _xlpm.stn, Station_Elevation[[#This Row],[Station]], _xlpm.SegmentNumber, INDEX(PROFILE_DATA[Segment Number],MATCH(1, (_xlpm.stn>=PROFILE_DATA[PVC '[STATION']])*(_xlpm.stn<=PROFILE_DATA[PVT '[STATION']]), 0)), _xlpm.SegmentType, VLOOKUP(_xlpm.SegmentNumber, PROFILE_DATA[], MATCH("Segment Type", PROFILE_DATA[#Headers], 0), FALSE), _xlpm.pvc, VLOOKUP(_xlpm.SegmentNumber, PROFILE_DATA[], 3, FALSE), _xlpm.elevPVC, VLOOKUP(_xlpm.SegmentNumber, PROFILE_DATA[], 4, FALSE), _xlpm.grade, VLOOKUP(_xlpm.SegmentNumber, PROFILE_DATA[], 9, FALSE), _xlpm.curve, VLOOKUP(_xlpm.SegmentNumber, PROFILE_DATA[], 15, FALSE), _xlpm.result, IF(_xlpm.SegmentType="Straight", _xlpm.grade * (_xlpm.stn - _xlpm.pvc) + _xlpm.elevPVC, _xlpm.curve * (_xlpm.stn - _xlpm.pvc)^2 + _xlpm.grade * (_xlpm.stn - _xlpm.pvc) + _xlpm.elevPVC ), IFERROR(_xlpm.result,"") )} -> 907.4796
D32: 425 | E32: {=_xlfn.LET( _xlpm.stn, Station_Elevation[[#This Row],[Station]], _xlpm.SegmentNumber, INDEX(PROFILE_DATA[Segment Number],MATCH(1, (_xlpm.stn>=PROFILE_DATA[PVC '[STATION']])*(_xlpm.stn<=PROFILE_DATA[PVT '[STATION']]), 0)), _xlpm.SegmentType, VLOOKUP(_xlpm.SegmentNumber, PROFILE_DATA[], MATCH("Segment Type", PROFILE_DATA[#Headers], 0), FALSE), _xlpm.pvc, VLOOKUP(_xlpm.SegmentNumber, PROFILE_DATA[], 3, FALSE), _xlpm.elevPVC, VLOOKUP(_xlpm.SegmentNumber, PROFILE_DATA[], 4, FALSE), _xlpm.grade, VLOOKUP(_xlpm.SegmentNumber, PROFILE_DATA[], 9, FALSE), _xlpm.curve, VLOOKUP(_xlpm.SegmentNumber, PROFILE_DATA[], 15, FALSE), _xlpm.result, IF(_xlpm.SegmentType="Straight", _xlpm.grade * (_xlpm.stn - _xlpm.pvc) + _xlpm.elevPVC, _xlpm.curve * (_xlpm.stn - _xlpm.pvc)^2 + _xlpm.grade * (_xlpm.stn - _xlpm.pvc) + _xlpm.elevPVC ), IFERROR(_xlpm.result,"") )} -> 908.02885
E33: {=_xlfn.LET( _xlpm.stn, Station_Elevation[[#This Row],[Station]], _xlpm.SegmentNumber, INDEX(PROFILE_DATA[Segment Number],MATCH(1, (_xlpm.stn>=PROFILE_DATA[PVC '[STATION']])*(_xlpm.stn<=PROFILE_DATA[PVT '[STATION']]), 0)), _xlpm.SegmentType, VLOOKUP(_xlpm.SegmentNumber, PROFILE_DATA[], MATCH("Segment Type", PROFILE_DATA[#Headers], 0), FALSE), _xlpm.pvc, VLOOKUP(_xlpm.SegmentNumber, PROFILE_DATA[], 3, FALSE), _xlpm.elevPVC, VLOOKUP(_xlpm.SegmentNumber, PROFILE_DATA[], 4, FALSE), _xlpm.grade, VLOOKUP(_xlpm.SegmentNumber, PROFILE_DATA[], 9, FALSE), _xlpm.curve, VLOOKUP(_xlpm.SegmentNumber, PROFILE_DATA[], 15, FALSE), _xlpm.result, IF(_xlpm.SegmentType="Straight", _xlpm.grade * (_xlpm.stn - _xlpm.pvc) + _xlpm.elevPVC, _xlpm.curve * (_xlpm.stn - _xlpm.pvc)^2 + _xlpm.grade * (_xlpm.stn - _xlpm.pvc) + _xlpm.elevPVC ), IFERROR(_xlpm.result,"") )}
E34: {=_xlfn.LET( _xlpm.stn, Station_Elevation[[#This Row],[Station]], _xlpm.SegmentNumber, INDEX(PROFILE_DATA[Segment Number],MATCH(1, (_xlpm.stn>=PROFILE_DATA[PVC '[STATION']])*(_xlpm.stn<=PROFILE_DATA[PVT '[STATION']]), 0)), _xlpm.SegmentType, VLOOKUP(_xlpm.SegmentNumber, PROFILE_DATA[], MATCH("Segment Type", PROFILE_DATA[#Headers], 0), FALSE), _xlpm.pvc, VLOOKUP(_xlpm.SegmentNumber, PROFILE_DATA[], 3, FALSE), _xlpm.elevPVC, VLOOKUP(_xlpm.SegmentNumber, PROFILE_DATA[], 4, FALSE), _xlpm.grade, VLOOKUP(_xlpm.SegmentNumber, PROFILE_DATA[], 9, FALSE), _xlpm.curve, VLOOKUP(_xlpm.SegmentNumber, PROFILE_DATA[], 15, FALSE), _xlpm.result, IF(_xlpm.SegmentType="Straight", _xlpm.grade * (_xlpm.stn - _xlpm.pvc) + _xlpm.elevPVC, _xlpm.curve * (_xlpm.stn - _xlpm.pvc)^2 + _xlpm.grade * (_xlpm.stn - _xlpm.pvc) + _xlpm.elevPVC ), IFERROR(_xlpm.result,"") )}
E35: {=_xlfn.LET( _xlpm.stn, Station_Elevation[[#This Row],[Station]], _xlpm.SegmentNumber, INDEX(PROFILE_DATA[Segment Number],MATCH(1, (_xlpm.stn>=PROFILE_DATA[PVC '[STATION']])*(_xlpm.stn<=PROFILE_DATA[PVT '[STATION']]), 0)), _xlpm.SegmentType, VLOOKUP(_xlpm.SegmentNumber, PROFILE_DATA[], MATCH("Segment Type", PROFILE_DATA[#Headers], 0), FALSE), _xlpm.pvc, VLOOKUP(_xlpm.SegmentNumber, PROFILE_DATA[], 3, FALSE), _xlpm.elevPVC, VLOOKUP(_xlpm.SegmentNumber, PROFILE_DATA[], 4, FALSE), _xlpm.grade, VLOOKUP(_xlpm.SegmentNumber, PROFILE_DATA[], 9, FALSE), _xlpm.curve, VLOOKUP(_xlpm.SegmentNumber, PROFILE_DATA[], 15, FALSE), _xlpm.result, IF(_xlpm.SegmentType="Straight", _xlpm.grade * (_xlpm.stn - _xlpm.pvc) + _xlpm.elevPVC, _xlpm.curve * (_xlpm.stn - _xlpm.pvc)^2 + _xlpm.grade * (_xlpm.stn - _xlpm.pvc) + _xlpm.elevPVC ), IFERROR(_xlpm.result,"") )}
E36: {=_xlfn.LET( _xlpm.stn, Station_Elevation[[#This Row],[Station]], _xlpm.SegmentNumber, INDEX(PROFILE_DATA[Segment Number],MATCH(1, (_xlpm.stn>=PROFILE_DATA[PVC '[STATION']])*(_xlpm.stn<=PROFILE_DATA[PVT '[STATION']]), 0)), _xlpm.SegmentType, VLOOKUP(_xlpm.SegmentNumber, PROFILE_DATA[], MATCH("Segment Type", PROFILE_DATA[#Headers], 0), FALSE), _xlpm.pvc, VLOOKUP(_xlpm.SegmentNumber, PROFILE_DATA[], 3, FALSE), _xlpm.elevPVC, VLOOKUP(_xlpm.SegmentNumber, PROFILE_DATA[], 4, FALSE), _xlpm.grade, VLOOKUP(_xlpm.SegmentNumber, PROFILE_DATA[], 9, FALSE), _xlpm.curve, VLOOKUP(_xlpm.SegmentNumber, PROFILE_DATA[], 15, FALSE), _xlpm.result, IF(_xlpm.SegmentType="Straight", _xlpm.grade * (_xlpm.stn - _xlpm.pvc) + _xlpm.elevPVC, _xlpm.curve * (_xlpm.stn - _xlpm.pvc)^2 + _xlpm.grade * (_xlpm.stn - _xlpm.pvc) + _xlpm.elevPVC ), IFERROR(_xlpm.result,"") )}
E37: {=_xlfn.LET( _xlpm.stn, Station_Elevation[[#This Row],[Station]], _xlpm.SegmentNumber, INDEX(PROFILE_DATA[Segment Number],MATCH(1, (_xlpm.stn>=PROFILE_DATA[PVC '[STATION']])*(_xlpm.stn<=PROFILE_DATA[PVT '[STATION']]), 0)), _xlpm.SegmentType, VLOOKUP(_xlpm.SegmentNumber, PROFILE_DATA[], MATCH("Segment Type", PROFILE_DATA[#Headers], 0), FALSE), _xlpm.pvc, VLOOKUP(_xlpm.SegmentNumber, PROFILE_DATA[], 3, FALSE), _xlpm.elevPVC, VLOOKUP(_xlpm.SegmentNumber, PROFILE_DATA[], 4, FALSE), _xlpm.grade, VLOOKUP(_xlpm.SegmentNumber, PROFILE_DATA[], 9, FALSE), _xlpm.curve, VLOOKUP(_xlpm.SegmentNumber, PROFILE_DATA[], 15, FALSE), _xlpm.result, IF(_xlpm.SegmentType="Straight", _xlpm.grade * (_xlpm.stn - _xlpm.pvc) + _xlpm.elevPVC, _xlpm.curve * (_xlpm.stn - _xlpm.pvc)^2 + _xlpm.grade * (_xlpm.stn - _xlpm.pvc) + _xlpm.elevPVC ), IFERROR(_xlpm.result,"") )}
E38: {=_xlfn.LET( _xlpm.stn, Station_Elevation[[#This Row],[Station]], _xlpm.SegmentNumber, INDEX(PROFILE_DATA[Segment Number],MATCH(1, (_xlpm.stn>=PROFILE_DATA[PVC '[STATION']])*(_xlpm.stn<=PROFILE_DATA[PVT '[STATION']]), 0)), _xlpm.SegmentType, VLOOKUP(_xlpm.SegmentNumber, PROFILE_DATA[], MATCH("Segment Type", PROFILE_DATA[#Headers], 0), FALSE), _xlpm.pvc, VLOOKUP(_xlpm.SegmentNumber, PROFILE_DATA[], 3, FALSE), _xlpm.elevPVC, VLOOKUP(_xlpm.SegmentNumber, PROFILE_DATA[], 4, FALSE), _xlpm.grade, VLOOKUP(_xlpm.SegmentNumber, PROFILE_DATA[], 9, FALSE), _xlpm.curve, VLOOKUP(_xlpm.SegmentNumber, PROFILE_DATA[], 15, FALSE), _xlpm.result, IF(_xlpm.SegmentType="Straight", _xlpm.grade * (_xlpm.stn - _xlpm.pvc) + _xlpm.elevPVC, _xlpm.curve * (_xlpm.stn - _xlpm.pvc)^2 + _xlpm.grade * (_xlpm.stn - _xlpm.pvc) + _xlpm.elevPVC ), IFERROR(_xlpm.result,"") )}
B40: Reference Doc.:
D41: [GEOMETRY LONGITUDINAL PROFILES]
